stop_id,stop_name,buses_day,buses_am_peak,buses_pm_peak,routes_served,metro_dist_m,near_metro,mall_frontage,is_surveyed,affected,tier
903502,Ibn Battuta Bus Station 2,1986,355,359,11,90.0,True,False,False,True,High
397501,Union Metro Bus Stop 2-1,1904,338,339,12,118.0,True,False,False,True,High
567502,Mall of the Emirates Bus Station 2,1610,286,292,8,59.0,True,True,False,True,High
954501,Equiti Metro Bus Stop Landside 1,1492,265,264,8,39.0,True,False,False,True,High
100024,Gold Souq Bus Station 24,1445,265,269,8,22.0,True,True,False,True,High
205101,Abu Baker Al Siddique Metro Bus Stop 1,1403,251,259,14,21.0,True,False,False,True,High
961502,Rashidiya Bus Station Gate 2,1366,246,251,9,96.0,True,False,False,True,High
472501,Baniyas Square Metro Bus Stop,1219,225,231,7,88.0,True,False,False,True,High
441501,Dubai Mall Metro Bus Stop Landside 1,1241,224,221,8,66.0,True,True,False,True,High
921101,Rashidiya Bus Station Parking (Non Stop),1133,223,220,12,141.0,True,False,False,True,High
723501,National Paints Metro Bus Stop Landside,1304,219,219,7,28.0,True,False,False,True,High
575501,Al Fardan Exchange Metro Bus Stop Seaside,1192,216,215,6,0.0,True,False,False,True,High
215115,,1154,211,212,6,195.0,True,False,False,True,High
292602,Expo 2020 Metro Station 2,1166,208,210,7,9.0,True,False,False,True,High
186102,Al Ras Metro Bus Stop 2,1050,195,199,7,126.0,True,False,False,True,High
376501,Union Metro Bus Stop 1-1,1042,182,182,16,174.0,True,False,False,True,High
140001,Salah Al Din Metro Bus Stop 1,1049,180,184,14,118.0,True,False,True,True,High
451501,ADCB Metro Bus Stop Seaside,1020,179,178,10,7.0,True,False,False,True,High
604502,Al Garhoud Metro Bus Stop 2,977,177,179,5,26.0,True,False,False,True,High
140002,Salah Al Din Metro Bus Stop 2,934,173,176,11,105.0,True,False,True,True,High
186101,Al Ras Metro Bus Stop 1,938,171,175,8,41.0,True,False,False,True,High
198102,Al Nahda  Metro Bus Stop 2,940,168,170,13,35.0,True,False,False,True,High
197102,Stadium Metro Bus Stop 2,895,167,166,13,29.0,True,False,False,True,High
202101,Sharaf DG Metro Bus Stop 1-1,856,162,162,15,340.0,False,False,True,True,High
935501,Sobha Realty Metro Bus Stop Seaside,947,157,154,7,166.0,True,False,False,True,High
197101,Stadium Metro Bus Stop 1,844,152,150,13,149.0,True,False,False,True,High
206101,Abu Baker Al Siddique Metro Bus Stop 2,838,152,150,11,30.0,True,False,False,True,High
546502,DIP Metro Bus Stop 2,854,152,156,6,41.0,True,False,False,True,High
201101,Al Ghubaiba Metro Bus Stop,778,149,152,6,125.0,True,False,False,True,High
302201,,848,147,149,5,49.0,True,False,False,True,High
546501,DIP Metro Bus Stop 1,939,144,148,6,42.0,True,False,False,True,High
196101,Abu Hail Metro Bus Stop B,762,138,136,9,39.0,True,False,False,True,High
202102,Sharaf DG Metro Bus Stop 1-2,798,137,143,14,239.0,False,False,True,True,High
376502,Union Metro Bus Stop 1-2,730,135,127,12,158.0,True,False,False,True,High
962101,Creek Metro Bus Stop,722,135,137,4,37.0,True,False,False,True,High
199102,Dubai Airport Free Zone Metro Bus Stop 2,708,131,128,11,38.0,True,False,False,True,High
200102,Al Qusais Metro Bus Stop 2,714,131,131,7,149.0,True,False,False,True,High
461001,Max Metro Bus Stop Seaside,708,126,127,8,50.0,True,False,False,True,High
138101,ADCB Metro Bus Stop Landside,703,124,125,9,139.0,True,False,False,True,High
208102,,655,124,127,3,31.0,True,False,False,True,High
112001,Naif Intersection 1,695,119,109,15,576.0,False,False,True,True,High
218101,"Hor Al Anz East, Qiyadah Metro Bus Stop",666,119,118,4,170.0,True,False,False,True,High
705501,Insurance Market Metro Bus Stop Landside 1,651,118,117,2,24.0,True,True,False,True,High
198101,Al Nahda  Metro Bus Stop 1,632,116,115,9,51.0,True,False,False,True,High
112002,Naif Intersection 2,664,116,107,15,647.0,False,False,True,True,High
114001,"Burj Nahar, Intersection 1",659,115,101,15,922.0,False,False,True,True,High
200101,Al Qusais Metro Bus Stop 1,584,110,113,8,118.0,True,False,False,True,High
961508,Rashidiya Bus Station Arrival,573,109,107,12,84.0,True,False,False,True,High
209101,Oud Metha Metro Bus Stop 1,542,109,101,10,61.0,True,False,False,True,High
114002,"Burj Nahar, Intersection 2",603,108,98,14,914.0,False,False,True,True,High
195504,,597,107,107,4,83.0,True,False,False,True,High
209102,Oud Metha Metro Bus Stop 2,577,104,105,11,71.0,True,False,False,True,High
603501,Danube Metro Bus Stop Landside,617,104,104,8,73.0,True,False,False,True,High
199101,Dubai Airport Free Zone Metro Bus Stop 1,560,103,102,7,79.0,True,False,False,True,High
570501,DMCC Metro Bus Stop Seaside,603,103,100,5,44.0,True,False,False,True,High
544501,Airport Terminal 3,564,93,96,5,88.0,True,False,False,True,High
633101,Jumeirah Golf Estate Metro Bus Stop 1,523,93,98,3,71.0,True,False,False,True,High
131102,Max Metro Bus Stop Landside 2,559,92,101,11,91.0,True,False,False,True,High
210001,,605,90,90,3,45.0,True,False,False,True,High
108001,Khaleej Road,505,89,82,11,188.0,True,False,False,True,High
195505,,478,89,88,3,75.0,True,False,False,True,High
136101,Emirates Tower Metro Bus Stop Seaside,474,88,80,6,136.0,True,False,True,True,High
400002,BurJuman Metro Bus Stop 2-2,475,85,86,8,121.0,True,True,True,True,High
606501,Al Furjan Metro Bus Stop 2,467,83,85,3,9.0,True,False,False,True,High
455002,Hana Center 2,411,78,73,7,1293.0,False,True,True,True,High
228102,City Centre Metro Bus Stop 2-1,441,74,71,9,193.0,True,True,False,True,High
400001,BurJuman Metro Bus Stop 2-1,407,73,72,8,341.0,False,True,True,True,High
292601,,484,72,72,2,55.0,True,False,False,True,High
235001,Emirates Metro Bus Stop 1,370,71,71,5,195.0,True,False,False,True,High
165101,"Al Quoz, Al Khail Gate 1",355,70,59,4,2663.0,False,False,True,True,High
399001,,333,70,70,3,176.0,True,False,False,True,High
166101,"Al Quoz, Al Khail Gate 2",354,69,62,4,2914.0,False,False,True,True,High
883001,Sahara Center 1,336,68,59,5,2273.0,False,True,False,True,High
314101,Business Bay Metro Bus Stop Landside 1,308,67,67,3,62.0,True,False,False,True,High
195506,Abu Hail Bus Station 6,352,67,66,4,35.0,True,False,False,True,High
540101,"Al Quoz, Al Khail Gate Entrance 1",338,66,56,5,2210.0,False,False,True,True,High
641501,"Dubai Festival City, Festival Centre 1",344,65,66,5,537.0,False,True,False,True,High
883002,Sahara Center 2,300,65,61,4,2560.0,False,True,False,True,High
312502,"Al Nahda, Madina Super Market 2",335,64,58,6,2328.0,False,True,False,True,High
784001,Parco Hypermarket,388,64,66,6,1269.0,False,True,False,True,High
212001,Onpassive Bus Terminus 1,272,63,52,2,139.0,True,False,False,True,High
199001,City Centre Metro Bus Stop 1-1,334,62,50,7,108.0,True,True,False,True,High
211901,Onpassive Bus Terminus 2,372,60,56,2,194.0,True,False,False,True,High
518102,Discovery Garden Metro Bus Stop 2,335,59,62,3,60.0,True,False,False,True,High
466101,"Al Quoz, Al Khail Gate 3",305,59,52,4,3265.0,False,False,True,True,High
312501,"Al Nahda, Madina Super Market 1",261,58,41,6,2194.0,False,True,False,True,High
401001,BurJuman Metro Bus Stop 3-1,324,58,56,6,259.0,False,True,False,True,High
131101,,324,58,58,3,48.0,True,False,False,True,High
713501,,322,58,58,2,130.0,True,False,False,True,High
496101,Coral Tower 1,234,57,55,5,180.0,True,False,False,True,High
195101,Gold Souq Bus Station External,316,57,54,7,71.0,True,True,False,True,High
455001,Hana Center 1,319,56,54,6,1311.0,False,True,True,True,High
977501,Trade Center Metro Bus Stop,304,56,52,5,195.0,True,True,False,True,High
895501,Emirates Tower Metro Bus Stop Landside,316,56,55,4,198.0,True,False,True,True,High
399002,,322,56,60,3,136.0,True,False,False,True,High
455101,Energy Metro Bus Stop Landside,320,54,57,2,83.0,True,False,False,True,High
203201,Sharaf DG Metro Bus Stop 3-1,323,53,58,8,117.0,True,False,True,True,High
441503,Dubai Mall Metro Bus Stop Landside 3,209,51,40,3,28.0,True,True,False,True,High
808501,Business Bay Metro Bus Stop Seaside,268,50,44,3,130.0,True,False,False,True,High
785001,Qaser Al Kabayel Center,300,49,52,5,1058.0,False,True,False,True,High
256103,Al Jafiliya Bus Station 3,285,49,47,3,118.0,True,False,True,True,High
424001,"Karama, Dubai Municipality Center 1",244,47,38,5,512.0,False,True,False,True,High
469001,Dubai Birds and Pets Market 1,221,47,40,3,11587.0,False,True,False,True,High
440001,Rashid Hospital Roundabout 1,260,46,42,6,164.0,True,False,False,True,High
496102,Coral Tower 2,176,46,41,4,172.0,True,False,False,True,High
314102,Business Bay Metro Bus Stop Landside 2,188,43,43,3,93.0,True,False,True,True,High
314103,Business Bay Metro Bus Stop Landside 3,177,41,31,2,133.0,True,False,True,True,High
611102,Business Bay 2 Bus Station 2,137,35,34,2,378.0,False,False,True,True,High
155001,Al Rigga Metro Bus Stop 1,137,23,23,2,81.0,True,False,True,True,High
256102,Al Jafiliya Bus Station 2,61,18,9,1,112.0,True,False,True,True,High
155002,Al Rigga Metro Bus Stop 2,35,7,5,1,26.0,True,False,True,True,High
256106,Al Jafiliya Bus Station 6,35,5,6,1,138.0,True,False,True,True,High
409001,Sheikh Rashid Road Intersection 1,171,28,27,3,1214.0,False,False,False,False,Low
408002,"Mankhool, Standard Chartered Bank 2",153,28,28,3,922.0,False,False,False,False,Low
363501,MAN Motors 1,159,28,27,3,3129.0,False,False,False,False,Low
546102,Fairview Residency 2,98,28,23,2,804.0,False,False,False,False,Low
549102,Mayfair Residency 2,98,28,23,2,548.0,False,False,False,False,Low
903001,Nadd Al Hamar Park 1,132,27,28,4,3228.0,False,False,False,False,Low
408001,"Mankhool, Standard Chartered Bank 1",153,27,27,3,746.0,False,False,False,False,Low
294002,Al Khulafaa Al Rashideen Boys School 2,147,27,25,4,373.0,False,False,False,False,Low
151001,"Muraqqabat, Police Station 1",163,27,24,4,465.0,False,False,False,False,Low
369001,"Muhaisnah 2, 7th Street-1",180,27,27,2,1627.0,False,False,False,False,Low
600101,"Sports City, ICC Headquarter 1",152,27,27,4,6529.0,False,False,False,False,Low
653102,"Dubai Production City, Centrium Tower 2",163,27,31,3,3777.0,False,False,False,False,Low
503502,"The Green Community, East Gate Entrance 2",153,27,28,2,671.0,False,False,False,False,Low
502502,"The Green Community, West Gate Entrance 2",153,27,29,2,452.0,False,False,False,False,Low
730502,The Gardens Metro Bus Stop 2,152,27,28,2,66.0,True,False,False,False,Low
495101,Clover Bay Tower 1,118,27,26,2,676.0,False,False,False,False,Low
551101,The Binary Tower 1,118,27,26,2,715.0,False,False,False,False,Low
859001,"Al Quoz, Dubai Center Driving School 1",144,27,23,3,634.0,False,True,False,False,Low
101101,"Sharjah, Ithihad Road - Al Safeer Mall 1",180,27,33,3,2981.0,False,True,False,False,Low
516001,Silicon Oasis Axiom 1,128,26,21,2,10044.0,False,False,False,False,Low
647101,"Airport Terminal 1, External",139,26,24,3,143.0,True,False,False,False,Low
150001,The Center 1,178,26,31,4,318.0,False,True,False,False,Low
132002,"Hor Al Anz, Roundabout 2",139,26,23,3,1015.0,False,False,False,False,Low
133002,Rasheed Road 2,139,26,22,3,828.0,False,False,False,False,Low
267502,Silicon Oasis Silicon Park 2,122,26,22,2,10563.0,False,False,False,False,Low
687002,Silicon Oasis Avenue Mall 2,122,26,22,2,10888.0,False,True,False,False,Low
659502,Silicon Oasis Arch Building 2,122,26,23,2,11365.0,False,False,False,False,Low
341502,Silicon Oasis Palace Tower 2,122,26,23,2,11069.0,False,False,False,False,Low
341501,Silicon Oasis Palace Tower 1,119,26,23,2,10953.0,False,False,False,False,Low
342501,Silicon Oasis SP Oasis 1,119,26,22,2,11133.0,False,False,False,False,Low
659501,Silicon Oasis Arch Building 1,119,26,22,2,11389.0,False,False,False,False,Low
735501,Silicon Oasis Al Waha Masjid 1,119,26,22,2,11321.0,False,False,False,False,Low
687001,Silicon Oasis Avenue Mall 1,119,26,22,2,10909.0,False,True,False,False,Low
290501,Silicon Oasis RAK Bank Headquarter,119,26,22,2,10710.0,False,False,False,False,Low
121101,"Muhaisnah 2, Bu Haleeba Contracting Camp 1",178,26,28,3,2905.0,False,False,False,False,Low
207102,Al Jadeed Bakery 2,150,26,24,4,463.0,False,False,False,False,Low
170002,Dubai Scout Mission 2,150,26,24,4,717.0,False,False,False,False,Low
172101,Pace Food Stuff Trading 1,145,26,27,3,4918.0,False,False,False,False,Low
417002,Department of Health 2,151,26,24,3,514.0,False,False,False,False,Low
549501,"Al Quoz, Bin Hindi 2",131,26,26,3,485.0,False,False,False,False,Low
537002,"Wasl Road, Box Park 2-2",152,26,28,4,1280.0,False,False,False,False,Low
492002,Iranian Hospital 2,141,26,23,3,1796.0,False,False,False,False,Low
101102,"Sharjah, Ithihad Road - Al Safeer Mall 2",143,26,26,2,2894.0,False,True,False,False,Low
100101,"Sharjah, Ithihad Road, Ansar Mall 1",180,26,33,3,2924.0,False,True,False,False,Low
465101,Oud Metha Metro Bus Stop Terminus,160,26,23,2,147.0,True,False,False,False,Low
816501,Bin Juma 6 1,89,25,13,3,1888.0,False,False,False,False,Low
203001,Abu Hail Road 1,147,25,27,3,1532.0,False,False,False,False,Low
184101,"Al Nahda, Park 1",137,25,25,2,2284.0,False,False,False,False,Low
474001,"Jaddaf, Police Officers Club",127,25,20,2,1034.0,False,False,False,False,Low
248101,Belhasa Driving Center,126,25,20,2,1571.0,False,True,False,False,Low
207301,"Al Jaddaf, Binghatti Avenue 1",126,25,21,2,2197.0,False,False,False,False,Low
211001,"Muhaisnah 4, Wasl Oasis 2",116,25,18,2,2738.0,False,False,False,False,Low
216002,"Wuhaida, Road 2",145,25,26,4,619.0,False,False,False,False,Low
947001,Waha Community Center 1,135,25,27,4,2866.0,False,True,False,False,Low
800001,"Ras Al Khor, Ducamz - 1-1",111,25,26,4,4886.0,False,False,False,False,Low
134001,Islamic Institute 1,141,25,22,3,819.0,False,False,False,False,Low
132001,"Hor Al Anz, Roundabout 1",137,25,23,3,1005.0,False,False,False,False,Low
804001,"Ras Al Khor, Veg. Mkt. Union Coop. Society 1",142,25,29,4,5458.0,False,False,False,False,Low
267501,Silicon Oasis Silicon Park 1,119,25,22,2,10585.0,False,False,False,False,Low
170001,Dubai Scout Mission 1,153,25,24,4,659.0,False,False,False,False,Low
346501,Emirates Engineering 1,139,25,26,4,799.0,False,False,False,False,Low
966001,Aden Street 1,134,25,24,4,2715.0,False,False,False,False,Low
507501,"Dubai Lagoon, Ewan Residence 1",144,25,27,3,2544.0,False,False,False,False,Low
278101,Dubai Lagoon 1,144,25,27,3,3128.0,False,False,False,False,Low
173101,Dunes Village 1,145,25,26,3,5242.0,False,False,False,False,Low
175101,Dubai Pearl Gypsum Industries 1,145,25,26,3,6188.0,False,False,False,False,Low
172102,Pace Food Stuff Trading 2,143,25,27,3,4829.0,False,False,False,False,Low
520101,Dubai Lagoon 2,143,25,27,3,3071.0,False,False,False,False,Low
506502,"Dubai Lagoon, Nibras International School 2",150,25,28,2,1846.0,False,False,False,False,Low
528102,"The Green Community, AA Building 2",150,25,28,2,1371.0,False,False,False,False,Low
895001,Novotel Hotel Stop,111,25,23,3,559.0,False,False,False,False,Low
897001,Damac Park Tower 1,111,25,24,3,452.0,False,False,False,False,Low
629001,Telaa Tech Industrial 1,140,25,25,3,1668.0,False,False,False,False,Low
493002,"Wasl, Park 2",141,25,23,3,1675.0,False,False,False,False,Low
100102,"Sharjah, Ithihad Road, Ansar Mall 2",143,25,27,2,3015.0,False,True,False,False,Low
332502,Dubai Academic City 1-2,116,24,21,2,11509.0,False,False,False,False,Low
880001,Dubai Womens College 1,133,24,22,3,1266.0,False,False,False,False,Low
114502,Manama Road 4-2,153,24,26,4,7697.0,False,False,False,False,Low
483102,"International City, Persia M03-2",135,24,26,2,8185.0,False,False,False,False,Low
100010,Gold Souq Bus Station 10,129,24,22,1,48.0,True,True,False,False,Low
122101,"Muhaisnah 2, Grand City Mall 1",166,24,27,3,3074.0,False,True,False,False,Low
273001,Traffic Police Department 1,139,24,21,4,765.0,False,False,False,False,Low
324002,Damascus Road 4-2,135,24,22,3,2519.0,False,False,False,False,Low
380002,Emirates Transport Driving Institute 2,110,24,19,2,10572.0,False,False,False,False,Low
469502,Dubai Municipaclity Nursery 2,110,24,19,2,10603.0,False,False,False,False,Low
469501,Dubai Municipaclity Nursery 1,111,24,20,2,10636.0,False,False,False,False,Low
380001,Emirates Transport Driving Institute 1,111,24,20,2,10569.0,False,False,False,False,Low
555502,Dubai Contracting Labour Camp 2,136,24,22,2,1697.0,False,False,False,False,Low
554502,Insulite Block Factory 2,136,24,22,2,1853.0,False,False,False,False,Low
500502,Seven Seas Steel Industries 2,136,24,22,2,1866.0,False,False,False,False,Low
972001,Dutco 1,162,24,27,4,1469.0,False,False,False,False,Low
500002,"Jumeirah, Post Office 2",160,24,24,4,1671.0,False,False,False,False,Low
507502,"Dubai Lagoon, Ewan Residence 2",143,24,26,3,2551.0,False,False,False,False,Low
432501,Dubai Production City,133,24,24,1,2707.0,False,False,False,False,Low
665002,National Cement Corporation Staff Accommodation 2,148,24,26,2,2099.0,False,False,False,False,Low
664002,7 Up Staff Accommodation 2,148,24,26,2,2372.0,False,False,False,False,Low
447102,Al Noor Building 2,119,24,16,2,2685.0,False,False,False,False,Low
906001,Emirates Tower 2,110,24,22,3,726.0,False,False,False,False,Low
378002,"Al Qusais, Bus Station 2",133,24,22,1,3446.0,False,False,False,False,Low
256105,Al Jafiliya Bus Station 5,135,24,23,1,131.0,True,False,False,False,Low
519002,"Wasl, Masjid 2",127,24,19,3,549.0,False,False,False,False,Low
520002,"Wasl, School 2",127,24,19,3,958.0,False,False,False,False,Low
244102,"Al Quoz, Emirates Glass 2",138,24,22,3,2280.0,False,False,False,False,Low
340501,Silicon Oasis Lake 1,117,23,21,2,11071.0,False,False,False,False,Low
299502,"Dubai Outsource City, Arab Company 2",115,23,24,2,11964.0,False,False,False,False,Low
366001,"Mirdiff, Private School 1",132,23,25,4,3378.0,False,False,False,False,Low
524501,Uptown Mirdif 1,132,23,24,4,3237.0,False,False,False,False,Low
432002,Centre Point Shopping Centre 2,145,23,26,3,543.0,False,True,False,False,Low
879001,Ministry Of Human Resources & Emiratisation 1,125,23,21,3,975.0,False,False,False,False,Low
260001,Rashidiya 1-1,107,23,21,2,1182.0,False,False,False,False,Low
285002,"Al Twar 1, Emarat Pertol Stn-Al Mawred 2",142,23,26,3,479.0,False,False,False,False,Low
121001,"Deira, Taxi Station 1",129,23,21,3,319.0,False,False,False,False,Low
238502,Naif Park 2,125,23,21,3,412.0,False,False,False,False,Low
202001,"Abu Hail, Masjid 1",135,23,21,3,1277.0,False,False,False,False,Low
378008,"Al Qusais, Bus Station 8",125,23,21,1,3459.0,False,False,False,False,Low
273002,Traffic Police Department 2,138,23,23,4,876.0,False,False,False,False,Low
270101,"Al Warsan 3, RTA Staff Accommodation 1",111,23,21,2,10789.0,False,False,False,False,Low
263502,"Muhaisnah 2, Galadari Labour Camp 2",141,23,23,2,2304.0,False,False,False,False,Low
289501,"Muhaisnah 2, Madina Supermarket 1",141,23,22,2,2689.0,False,True,False,False,Low
530102,Union Residence 2,127,23,22,3,473.0,False,False,False,False,Low
236001,Gulf & Safa Dairies 1,146,23,22,4,677.0,False,False,False,False,Low
567501,Mall of the Emirates Bus Station 1,142,23,22,2,71.0,True,True,False,False,Low
465501,8 Boulevard Walk Tower 1,102,23,25,2,789.0,False,False,False,False,Low
179104,"Al Quoz, Bus Station 4",137,23,24,2,976.0,False,False,False,False,Low
636001,"Hilton Jumeirah Hotel, Accomodation",138,23,23,3,2752.0,False,False,False,False,Low
674001,Al Quoz Depot 1,139,23,23,3,2801.0,False,False,False,False,Low
662002,Gold & Diamond Park 2,147,23,24,3,378.0,False,False,False,False,Low
677001,"Al Quoz, Emirates Glass 1",137,23,24,3,2381.0,False,False,False,False,Low
123005,Union Bus Station 5,165,23,29,1,201.0,False,False,False,False,Low
262502,"Ajman, Al Musallah Bus Station",147,23,23,2,1020.0,False,False,False,False,Low
389001,Silicon Oasis Lagoon,117,22,22,2,9762.0,False,False,False,False,Low
426501,"Mirdiff, 20D Street",139,22,25,4,2585.0,False,False,False,False,Low
268001,Umm Hani School 1,109,22,19,2,1065.0,False,False,False,False,Low
269001,Rashidiya 3,109,22,19,2,855.0,False,False,False,False,Low
262001,"Rashidiya, Park 1",109,22,19,2,630.0,False,False,False,False,Low
488002,Hassa Bint Al Murr Masjid 2,147,22,26,2,2154.0,False,False,False,False,Low
197002,Abu Hail Center 2,136,22,21,3,398.0,False,True,False,False,Low
701501,Al Qusais Depot Entrance 1,111,22,21,1,3459.0,False,False,False,False,Low
702501,"Al Qusais Ind Area 3, Atiq Abdullah Flour Mill 1",111,22,20,1,3279.0,False,False,False,False,Low
120001,"Deira, Beniyas Square 1",114,22,21,3,138.0,True,False,False,False,Low
800002,"Ras Al Khor, Ducamz - 1-2",101,22,19,3,4855.0,False,False,False,False,Low
793002,Ras Al Khor 2-2,101,22,19,3,2785.0,False,False,False,False,Low
152002,Al Bakhit Center 2,140,22,22,4,628.0,False,True,False,False,Low
148001,Hamarain Center 1,139,22,22,4,655.0,False,True,False,False,Low
158001,"Deira, Abu Hail Park 4 1",135,22,22,3,1285.0,False,False,False,False,Low
229102,"Abu Hail, Masjid 2",130,22,20,3,1430.0,False,False,False,False,Low
121102,"Muhaisnah 2, Bu Haleeba Contracting Camp 2",141,22,22,2,2880.0,False,False,False,False,Low
122102,"Muhaisnah 2, Grand City Mall 2",141,22,22,2,3092.0,False,True,False,False,Low
491001,Mahboubi Clinic 1,125,22,21,3,1879.0,False,False,False,False,Low
620001,"Muhaisnah 2, Gargash Labour Camp",142,22,22,2,1885.0,False,False,False,False,Low
371001,"Muhaisnah 2, Al Ghandi Labour Camp",141,22,22,2,1857.0,False,False,False,False,Low
617002,"Muhaisnah 2, Pioneer Labour Camp 2",141,22,22,2,2020.0,False,False,False,False,Low
215121,Etisalat Bus Station 21,142,22,25,1,189.0,True,False,False,False,Low
903506,Ibn Battuta Bus Station 6,116,22,20,1,53.0,True,False,False,False,Low
604102,"Sports City, Golf Tower 2",128,22,24,3,4842.0,False,False,False,False,Low
603102,"Sports City, Dubai Sports City Offices 2",128,22,25,3,6084.0,False,False,False,False,Low
602102,"Sports City, Dubai Cricket Stadium 2",128,22,25,3,6205.0,False,False,False,False,Low
601102,"Sports City, Victory Heights East Gate 2",128,22,25,3,6138.0,False,False,False,False,Low
283501,"Al Quoz, Emirates Post Office 1",126,22,23,2,2080.0,False,False,False,False,Low
173501,"Al Quoz, T. Choithram Stores 1",137,22,23,3,2850.0,False,False,False,False,Low
675001,Habtoor Equipment Corporation 1,137,22,24,3,2541.0,False,False,False,False,Low
161502,Deira City Center Bus Station 2,121,22,23,1,255.0,False,True,False,False,Low
209201,Oud Metha Bus Station 1,131,22,19,1,269.0,False,False,False,False,Low
137201,,123,22,22,1,174.0,True,False,False,False,Low
332501,Dubai Academic City 1-1,117,21,24,2,11551.0,False,False,False,False,Low
935001,Dubai Polo Club,118,21,22,3,2666.0,False,False,False,False,Low
267001,Rashidiya 2,109,21,19,2,1446.0,False,False,False,False,Low
452002,Etihad Museum 2,125,21,20,3,2261.0,False,False,False,False,Low
201001,"Abu Hail, Roundabout 1",127,21,22,3,701.0,False,False,False,False,Low
702502,"Al Qusais Ind Area 3, Atiq Abdullah Flour Mill 2",108,21,21,1,3307.0,False,False,False,False,Low
701502,Al Qusais Depot Entrance 2,108,21,21,1,3460.0,False,False,False,False,Low
703502,"Al Qusais Industrial Area 3, Masjid Mustaqeem 2",108,21,21,1,3419.0,False,False,False,False,Low
737501,"Al Badia, Hillside Village A-1",123,21,21,3,1304.0,False,False,False,False,Low
864502,"Al Badia Residence 1&8, A2-2",123,21,21,3,1708.0,False,False,False,False,Low
242001,Nadd Al Hamar Road 1,104,21,19,4,1382.0,False,False,False,False,Low
180101,Memorial Plaza,114,21,21,3,275.0,False,True,False,False,Low
803002,"Ras Al Khor, Veg. Mkt. 2",97,21,20,3,5345.0,False,False,False,False,Low
956001,"Ras Al Khor, Rahmani Trdg.",101,21,19,3,2908.0,False,False,False,False,Low
796002,Ras Al Khor 4-2,101,21,19,3,2552.0,False,False,False,False,Low
793001,Ras Al Khor 2-1,96,21,19,3,2748.0,False,False,False,False,Low
796001,Ras Al Khor 4-1,96,21,19,3,2546.0,False,False,False,False,Low
799001,Ras Al Khor 7-1,96,21,19,3,3638.0,False,False,False,False,Low
802001,"Ras Al Khor, Comm. Complex 1",94,21,22,3,4094.0,False,False,False,False,Low
148002,Hamarain Center 2,140,21,22,4,432.0,False,True,False,False,Low
503009,"Satwa, Bus Station 9",154,21,18,1,1164.0,False,False,False,False,Low
227102,"Deira, Abu Hail Park 4 2",130,21,21,3,1317.0,False,False,False,False,Low
573201,International City Bus Station 1,108,21,21,1,6723.0,False,False,False,False,Low
263501,"Muhaisnah 2, Galadari Labour Camp 1",142,21,22,2,2267.0,False,False,False,False,Low
617001,"Muhaisnah 2, Pioneer Labour Camp 1",142,21,22,2,2026.0,False,False,False,False,Low
122001,"Muhaisnah 2, Medical Centre",142,21,22,2,2223.0,False,True,False,False,Low
638501,"Muhaisnah 2, 6th Street",142,21,23,2,1972.0,False,False,False,False,Low
370001,"Muhaisnah 2, 7th Street-2",141,21,22,2,1719.0,False,False,False,False,Low
733001,"Jebel Ali Free Zone, Roundabout 12-A",119,21,21,2,3755.0,False,False,False,False,Low
728501,Discovery Garden 13,112,21,20,2,503.0,False,False,False,False,Low
729501,Discovery Garden 14-1,112,21,21,2,465.0,False,False,False,False,Low
160101,Discovery Garden 16-1,112,21,21,2,305.0,False,False,False,False,Low
624001,Oasis Village 1,123,21,22,3,1971.0,False,False,False,False,Low
817501,"Al Nahda 1, Medical Fitness Centre 1",56,21,0,2,1660.0,False,True,False,False,Low
209206,Oud Metha Bus Station 6,67,21,20,1,312.0,False,False,False,False,Low
888806,Dubai Mall Bus Stop 6,131,21,19,1,1291.0,False,True,False,False,Low
361002,"Al Nahda 1, Fatma Mohammad Masjid 2",75,20,14,2,2056.0,False,False,False,False,Low
702102,Dubai Fountain Street 2,77,20,20,2,661.0,False,False,False,False,Low
348501,"Hamriya Port, Control Tower 1",141,20,25,2,2505.0,False,False,False,False,Low
201002,"Abu Hail, Roundabout 2",129,20,21,3,774.0,False,False,False,False,Low
205001,"Hamriya, Port 1",127,20,22,3,1347.0,False,False,False,False,Low
639501,"Dubai Festival City, Marks & Spencer 1",123,20,22,3,458.0,False,False,False,False,Low
452201,"Dubai Festival City, Holiday Inn",123,20,21,3,998.0,False,False,False,False,Low
124001,"Deira, Beniyas Road 1",118,20,20,3,246.0,False,False,False,False,Low
126002,Al Sabkha Marine Bus Stop 2,118,20,20,3,139.0,True,False,False,False,Low
104001,Emirates NBD-1,118,20,19,3,244.0,False,False,False,False,Low
797001,Ras Al Khor 5-1,96,20,19,3,3217.0,False,False,False,False,Low
373501,Union Metro Bus Stop 3-1,111,20,21,3,139.0,True,False,False,False,Low
844501,"Muhaisnah 1, Islamic School 1",113,20,19,3,1926.0,False,False,False,False,Low
142501,Axis 4 Residence,83,20,16,2,10580.0,False,False,False,False,Low
143501,Silicon Oasis Masjid 1,83,20,15,2,10715.0,False,False,False,False,Low
411001,Rais Center,125,20,19,2,488.0,False,True,False,False,Low
231001,Bustan Rotana Hotel 1,120,20,19,2,475.0,False,False,False,False,Low
207101,Al Jadeed Bakery 1,120,20,19,3,406.0,False,False,False,False,Low
169002,"Hor Al Anz, Mashreq Bank 2",118,20,18,3,261.0,False,False,False,False,Low
467002,World Trade Centre Hotel 2,116,20,20,3,620.0,False,True,False,False,Low
385029,Al Ghubaiba Bus Station 29,108,20,19,1,319.0,False,False,False,False,Low
374001,"Muhaisnah 2, Madina Supermarket 2",142,20,22,2,2533.0,False,True,False,False,Low
649101,Dubai Natural Gas Co Limited,112,20,17,2,2111.0,False,False,False,False,Low
214501,"The Greens, Terminus",108,20,18,2,610.0,False,False,False,False,Low
113102,"Dubai Production City, City Centre Meaisem 2",128,20,25,3,4224.0,False,True,False,False,Low
904502,"Dubai Production City, The Crescent, Tower 2",128,20,25,3,4234.0,False,False,False,False,Low
605102,"Sports City, Victory Heights West Gate 2",128,20,24,3,4841.0,False,False,False,False,Low
385025,Al Ghubaiba Bus Station 25,104,20,21,2,301.0,False,False,False,False,Low
130501,"Al Quoz, Yusuf Motors 2",104,20,22,2,266.0,False,False,False,False,Low
179110,"Al Quoz, Bus Station 10",104,20,21,2,995.0,False,False,False,False,Low
549001,City Walk 1,131,20,21,3,1093.0,False,False,False,False,Low
133501,"Al Quoz, Clinical Pathology Services 1",125,20,20,2,2605.0,False,False,False,False,Low
611104,Business Bay 2 Bus Station 4,67,20,22,1,388.0,False,False,False,False,Low
421002,"Karama, Commercial Center 2",108,19,18,3,734.0,False,True,False,False,Low
250001,"Rashidiya, Police Station 1",117,19,19,4,721.0,False,False,False,False,Low
261001,"Rashidiya, Emarat Petrol Station",117,19,19,4,1138.0,False,False,False,False,Low
230102,Dubai Folklore Theatre 2,112,19,18,3,1196.0,False,False,False,False,Low
105001,"Deira, Old Souq 1",118,19,19,3,62.0,True,True,False,False,Low
103001,"Al Ras, Public Library",118,19,18,3,231.0,False,False,False,False,Low
441001,American Hospital 1,110,19,16,3,996.0,False,False,False,False,Low
444001,Lamcy Plaza 1,110,19,16,3,1303.0,False,True,False,False,Low
467101,Sunrise City Supermarket 1,110,19,16,3,1172.0,False,True,False,False,Low
318701,"International City, Rivera Dreams Apartments 1-1",108,19,20,2,7014.0,False,False,False,False,Low
604501,Al Garhoud Metro Bus Stop 1,105,19,18,1,25.0,True,False,False,False,Low
801002,"Ras Al Khor, Ducamz - 2-2",89,19,20,3,5369.0,False,False,False,False,Low
467001,World Trade Centre Hotel 1,114,19,17,3,525.0,False,True,False,False,Low
132101,Al Karama Bus Station 1,86,19,12,1,889.0,False,False,False,False,Low
429001,"Umm Hurair, Road 1-1",114,19,17,3,648.0,False,False,False,False,Low
429002,"Umm Hurair, Road 1-2",116,19,16,3,856.0,False,False,False,False,Low
755002,Aster Cedars Hospital 2,113,19,18,2,1642.0,False,False,False,False,Low
505502,"The Green Community, Choithram Supermarket 2",106,19,20,1,941.0,False,True,False,False,Low
504502,"The Green Community, Main Gate Entrance 2",106,19,20,1,676.0,False,False,False,False,Low
448101,Al Hawai Twin Towers,105,19,16,2,2871.0,False,False,False,False,Low
449101,Ahli House 1,105,19,16,2,3040.0,False,False,False,False,Low
567508,Mall of the Emirates Bus Station 8,94,19,16,1,72.0,True,True,False,False,Low
567507,Mall of the Emirates Bus Station 7,102,19,17,1,46.0,True,True,False,False,Low
413102,Bloom World Academy 2,105,19,19,2,5767.0,False,False,False,False,Low
209208,Oud Metha Bus Station 8,92,19,12,1,329.0,False,False,False,False,Low
123008,Union Bus Station 8,115,19,18,1,159.0,True,False,False,False,Low
644502,Downtown Mirdiff Gate 2-2,107,18,20,3,3436.0,False,False,False,False,Low
643502,Downtown Mirdiff Gate 1-2,107,18,20,3,3014.0,False,False,False,False,Low
351501,"Hamriya Port,Sheikh Almar Masjid 1",116,18,19,3,1776.0,False,False,False,False,Low
457001,Jumeirah Rotana Hotel 1,120,18,19,3,1735.0,False,False,False,False,Low
260002,Rashidiya 1-2,117,18,19,4,1312.0,False,False,False,False,Low
641002,"Mina Al Siyahi, Le Meridien Hotel 2",140,18,18,2,378.0,False,False,False,False,Low
844502,"Muhaisnah 1, Islamic School 2",113,18,20,3,1854.0,False,False,False,False,Low
208001,"Al Mamzar, Century Mall 1",112,18,19,3,1350.0,False,True,False,False,Low
902001,Nadd Al Hamar Terminus,114,18,18,1,4577.0,False,False,False,False,Low
123010,Union Bus Station 10,102,18,16,1,143.0,True,False,False,False,Low
203101,Sharaf DG Metro Bus Stop 2-1,126,18,19,2,140.0,True,False,False,False,Low
318601,"International City, Trafalgar Tower 1",108,18,20,2,7497.0,False,False,False,False,Low
502002,"Hudheiba, Road 2",85,18,11,2,1498.0,False,False,False,False,Low
990001,Algeria Road 6-1,106,18,17,2,2987.0,False,False,False,False,Low
801001,"Ras Al Khor, Ducamz - 2-1",87,18,20,3,5326.0,False,False,False,False,Low
157501,Beirut Road 2-1,112,18,17,2,710.0,False,False,False,False,Low
132103,Al Karama Bus Station 3,98,18,18,1,896.0,False,False,False,False,Low
510002,"Wasl, Emirates Bank 2",114,18,18,3,1532.0,False,False,False,False,Low
528101,"The Green Community, AA Building 1",98,18,19,2,1369.0,False,False,False,False,Low
506501,"Dubai Lagoon, Nibras International School 1",98,18,19,2,1900.0,False,False,False,False,Low
503012,"Satwa, Bus Station 12",121,18,22,1,1172.0,False,False,False,False,Low
611101,Business Bay 2 Bus Station 1,106,18,18,1,373.0,False,False,False,False,Low
302203,Onpassive Metro Bus Stop Landside 3,100,18,18,1,69.0,True,False,False,False,Low
855001,"Al Quoz, Al Shamsi Steel Manufacturing Co 1",101,18,16,2,2136.0,False,False,False,False,Low
856001,ETA SwitchGear Manufacturing 2,98,18,17,2,1266.0,False,False,False,False,Low
660002,ETA Profiles 2,98,18,17,2,1340.0,False,False,False,False,Low
659002,Al Quoz Mall 2,98,18,18,2,1571.0,False,True,False,False,Low
872001,"Al Quoz, Pure Water Filling Company 2",95,18,15,2,717.0,False,False,False,False,Low
503011,"Satwa, Bus Station 11",55,18,16,1,1169.0,False,False,False,False,Low
123004,Union Bus Station 4,55,18,17,1,203.0,False,False,False,False,Low
199501,,121,18,18,1,25.0,True,False,False,False,Low
338502,,73,18,13,1,12001.0,False,False,False,False,Low
348002,Imam Abu Hanifa Masjid 2,107,17,20,3,2652.0,False,False,False,False,Low
319001,"International City, Dragon Mart Main Entrance",107,17,18,3,6484.0,False,False,False,False,Low
408501,"Mirdiff, ETISALAT Tower 1",95,17,18,3,3493.0,False,False,False,False,Low
427901,"Mirdiff, 78th Street 3",106,17,17,2,5000.0,False,False,False,False,Low
472001,Police Stadium,98,17,18,2,653.0,False,False,False,False,Low
152601,Al Badia Residences Building 10,98,17,18,2,1906.0,False,False,False,False,Low
752501,Capital Hotel 1,125,17,18,3,1943.0,False,False,False,False,Low
448002,Hudheiba 2,125,17,17,3,1970.0,False,False,False,False,Low
752502,Capital Hotel 2,125,17,17,3,1934.0,False,False,False,False,Low
209501,"Mizhar 1, Masjid Shaikha Latifa Bint Manea",79,17,15,1,6212.0,False,False,False,False,Low
355201,The Philippine School Muhaisnah 1,79,17,14,1,1669.0,False,False,False,False,Low
126101,"Muhaisnah 2, Etisalat Academy",79,17,14,1,1241.0,False,False,False,False,Low
967501,"Rashidya, Street 11",76,17,15,1,1003.0,False,False,False,False,Low
960501,"Rashidiya Ibraheem Khaleel Masjid, Street 11",76,17,15,1,1237.0,False,False,False,False,Low
964501,"Rashidiya, Street 11, Saud Al Mulla Masjid",76,17,16,1,1419.0,False,False,False,False,Low
958501,Rashidiya 2A Street,76,17,16,1,1424.0,False,False,False,False,Low
965501,"Rashidiya, Street 2A, Mariam Masjid",76,17,16,1,1311.0,False,False,False,False,Low
238501,Naif Park 1,82,17,14,2,379.0,False,False,False,False,Low
189002,Flame Intersection 2,128,17,18,3,434.0,False,False,False,False,Low
133001,Rasheed Road 1,98,17,16,2,790.0,False,False,False,False,Low
573203,International City Bus Station 3,110,17,19,1,6714.0,False,False,False,False,Low
100004,Gold Souq Bus Station 4,110,17,20,1,74.0,True,True,False,False,Low
961505,Rashidiya Bus Station Gate 5,78,17,16,1,71.0,True,False,False,False,Low
107001,"Sabkha, Turnoff",100,17,16,2,483.0,False,False,False,False,Low
175001,Hor Al Anz Street,87,17,15,2,991.0,False,False,False,False,Low
176001,"Hor Al Anz, Civil Defence",87,17,15,2,796.0,False,False,False,False,Low
177001,Hor Al Anz Post Office,87,17,16,2,506.0,False,False,False,False,Low
195503,Abu Hail Bus Station 3,98,17,18,1,86.0,True,False,False,False,Low
182002,Omer Bin Al Khattab School 2,90,17,17,2,337.0,False,False,False,False,Low
183001,Sadaa School 1,90,17,17,2,669.0,False,False,False,False,Low
184001,Sadaa School 2,90,17,17,2,680.0,False,False,False,False,Low
181002,Safiya Housing 2,90,17,17,2,669.0,False,False,False,False,Low
890002,Hor Al Anz 3-2,90,17,17,2,818.0,False,False,False,False,Low
180002,Hor Al Anz 2-2,90,17,17,2,693.0,False,False,False,False,Low
891001,Hor Al Anz 4,90,17,16,2,775.0,False,False,False,False,Low
892001,Hor Al Anz 5,90,17,16,2,1066.0,False,False,False,False,Low
165001,"Hamriya, Park",90,17,16,2,1348.0,False,False,False,False,Low
164001,"Abu Hail, EPPCO",90,17,16,2,1331.0,False,False,False,False,Low
526102,Rig Metal Inds 2,90,17,15,2,1649.0,False,False,False,False,Low
527102,Sun Rise Metal Coting 2,90,17,16,2,2235.0,False,False,False,False,Low
174101,Fastner World International 1,98,17,19,2,5861.0,False,False,False,False,Low
649001,Emaar South Entrance 1,85,17,17,1,11080.0,False,False,False,False,Low
649202,Emaar South Entrance 2,85,17,17,1,11398.0,False,False,False,False,Low
224501,Jebel Ali Horse Racecourse 1,92,17,14,2,1053.0,False,False,False,False,Low
177102,JRD International Staff Accommodation 2,99,17,19,2,5648.0,False,False,False,False,Low
176102,Corro Tech Staff Accommodation 2,99,17,19,2,5954.0,False,False,False,False,Low
175102,Dubai Pearl Gypsum Industries 2,99,17,18,2,6195.0,False,False,False,False,Low
927501,DMCC Metro Bus Stop Landside 1,78,17,18,1,55.0,True,False,False,False,Low
245101,Sobha Realty Metro Bus Stop Landside,78,17,18,1,61.0,True,False,False,False,Low
319101,Emirates Code Contracting Labour Camp,93,17,14,1,4563.0,False,False,False,False,Low
318101,Petron Emirates Accommodation,93,17,14,1,4734.0,False,False,False,False,Low
464001,"Sport City, Arena Tower",92,17,18,2,6192.0,False,False,False,False,Low
657002,Classic Crystal 2,89,17,14,2,1595.0,False,False,False,False,Low
276901,Al Twar Dialysis Center 1,101,17,16,1,693.0,False,True,False,False,Low
491101,Al Madar Scala Tower 2,62,17,10,1,329.0,False,False,False,False,Low
385023,Al Ghubaiba Bus Station 23,97,17,20,1,293.0,False,False,False,False,Low
413101,Bloom World Academy 1,105,17,19,2,5783.0,False,False,False,False,Low
338501,,73,17,14,1,11935.0,False,False,False,False,Low
642602,"Mirdif, Sport Society 2",107,16,21,3,2072.0,False,False,False,False,Low
355101,"Muhaisnah 1, Etihad Mall 1",101,16,17,2,2783.0,False,True,False,False,Low
355102,"Muhaisnah 1, Etihad Mall 2",101,16,17,2,2906.0,False,True,False,False,Low
160002,Ittehad School 2,101,16,16,2,822.0,False,False,False,False,Low
215123,Etisalat Bus Station 23,79,16,15,1,192.0,True,False,False,False,Low
262002,"Rashidiya, Park 2",76,16,16,1,493.0,False,False,False,False,Low
264001,"Rashidiya, Clinic",76,16,16,1,787.0,False,False,False,False,Low
265001,Rashidiya 4,76,16,16,1,1011.0,False,False,False,False,Low
266001,Rashidiya 5,76,16,16,1,1268.0,False,False,False,False,Low
258002,Jassmi Masjid 2,76,16,15,1,1266.0,False,False,False,False,Low
249001,"Rashidiya, Shopping Center",77,16,16,1,943.0,False,True,False,False,Low
251001,"Nad Rashid, Souq 1",77,16,16,1,777.0,False,True,False,False,Low
256001,"Rashidiya, Qutami Masjid",77,16,16,1,767.0,False,False,False,False,Low
257001,Fatima English School 1,77,16,16,1,1059.0,False,False,False,False,Low
258001,Jassmi Masjid 1,77,16,15,1,1288.0,False,False,False,False,Low
212102,"Ras Al Khor, Veg. Mkt. Delmonte Foods 2",96,16,17,2,5845.0,False,False,False,False,Low
211102,"Ras Al Khor, Veg. Mkt. Customs Office 2",96,16,17,2,5697.0,False,False,False,False,Low
135001,"Baraha, Eid Musallah 1",94,16,15,2,1072.0,False,False,False,False,Low
100008,Gold Souq Bus Station 8,87,16,12,1,56.0,True,True,False,False,Low
178001,Hor Al Anz 1,87,16,16,2,468.0,False,False,False,False,Low
180001,Hor Al Anz 2-1,87,16,16,2,680.0,False,False,False,False,Low
890001,Hor Al Anz 3-1,87,16,16,2,832.0,False,False,False,False,Low
181001,Safiya Housing 1,87,16,16,2,599.0,False,False,False,False,Low
182001,Omer Bin Al Khattab School 1,87,16,17,2,378.0,False,False,False,False,Low
552502,Depa Contracting Labour Camp 2,90,16,15,2,2286.0,False,False,False,False,Low
236501,"The Sustainable City, Main Entrance",98,16,18,2,11220.0,False,False,False,False,Low
500001,"Jumeirah, Post Office 1",113,16,17,3,1697.0,False,False,False,False,Low
172201,"Gulf News, DIP",89,16,17,1,3719.0,False,False,False,False,Low
174102,Fastner World International 2,97,16,19,2,5811.0,False,False,False,False,Low
706001,Jebel Ali Gardens 1,94,16,17,2,718.0,False,False,False,False,Low
708001,Jebel Ali Gardens 2,94,16,17,2,480.0,False,False,False,False,Low
709001,Jebel Ali Gardens 3,94,16,17,2,593.0,False,False,False,False,Low
710001,Jebel Ali Gardens 4,94,16,16,2,908.0,False,False,False,False,Low
438501,Dubai Production City Accomodation 1,88,16,16,1,3027.0,False,False,False,False,Low
439501,Dubai Production City Accomodation 2,88,16,16,1,3103.0,False,False,False,False,Low
224502,Jebel Ali Horse Racecourse 2,91,16,14,2,1050.0,False,False,False,False,Low
342001,Al Qusais Industrial Area 4 - B,95,16,18,2,3718.0,False,False,False,False,Low
494102,Clayton Residency 2,62,16,11,1,643.0,False,False,False,False,Low
522102,Volante Dubai Tower 2,62,16,11,1,227.0,False,False,False,False,Low
536002,"Wasl Road, Box Park 1-2",94,16,17,2,1498.0,False,False,False,False,Low
499001,"Safa, Emarat Petrol Stn.",94,16,17,2,1628.0,False,False,False,False,Low
536001,"Wasl Road, Box Park 1-1",95,16,17,2,1565.0,False,False,False,False,Low
552001,"Emarat, Headquarters",86,16,14,2,475.0,False,False,False,False,Low
556001,"Safa, Lufthansa 1",74,16,12,2,245.0,False,False,False,False,Low
669002,"Al Quoz, Gargash 2",97,16,17,2,1858.0,False,False,False,False,Low
671001,"Al Quoz, Falaknaz 1",95,16,14,2,763.0,False,False,False,False,Low
852001,"Al Quoz, Cemex RMC Topmix 1",99,16,17,2,1561.0,False,False,False,False,Low
816602,Al Nahda Taweej 2,42,16,0,2,1409.0,False,False,False,False,Low
123003,Union Bus Station 3,79,16,15,1,207.0,False,False,False,False,Low
146001,Burj Nahar Mall 1,79,16,16,1,457.0,False,True,False,False,Low
195502,Abu Hail Bus Station 2,79,16,15,1,70.0,True,False,False,False,Low
599501,Life Pharmacy Metro Bus Stop Seaside 2,1139,198,201,6,204.0,False,False,False,False,Medium
556501,"Airport Terminal 1, External Parking",885,157,160,7,323.0,False,False,False,False,Medium
238102,"Satwa, Masjid 2",712,131,116,14,1061.0,False,False,False,False,Medium
882002,NMC Hospital 2,632,129,135,9,1615.0,False,False,False,False,Medium
302101,"Al Nahda 1, Terminus 2",631,124,149,8,2250.0,False,False,False,False,Medium
460001,"Satwa, Post Office",684,122,107,13,1095.0,False,False,False,False,Medium
882001,NMC Hospital 1,597,115,117,9,1529.0,False,False,False,False,Medium
885001,"Al Qusais, Public Transport Depot 1",541,111,99,8,3124.0,False,False,False,False,Medium
123002,Union Bus Station 2,604,107,107,6,210.0,False,False,False,False,Medium
884001,Dubai Carmel School 1,527,105,100,7,2882.0,False,False,False,False,Medium
459001,"Satwa, Masjid 1",579,102,97,11,1160.0,False,False,False,False,Medium
280101,"Al Nahda 1, DEWA-1",485,97,102,6,723.0,False,False,False,False,Medium
312101,Al Maaref Private School,485,97,102,6,951.0,False,False,False,False,Medium
280102,"Al Nahda 1, DEWA-2",411,83,88,5,862.0,False,False,False,False,Medium
327001,"Muhaisnah 4, FEWA-1",509,83,85,10,3129.0,False,False,False,False,Medium
501001,"Satwa, Clinic",491,83,78,9,1150.0,False,False,False,False,Medium
130201,Dubai Internet City Metro Bus Stop Seaside,451,81,82,2,346.0,False,False,False,False,Medium
136001,Al Nakhal,479,80,77,11,509.0,False,False,False,False,Medium
255501,"International City, Civil Defence1",404,79,74,8,7939.0,False,False,False,False,Medium
344001,Al Qusais Industrial Area 2 Terminus,335,78,68,3,3419.0,False,False,False,False,Medium
458002,"Satwa, Roundabout 2",409,78,70,8,1045.0,False,False,False,False,Medium
492101,Bay Square 1,299,77,72,6,591.0,False,False,False,False,Medium
392001,Raffa 1,450,77,78,10,672.0,False,False,False,False,Medium
406001,Rolla,450,77,77,10,665.0,False,False,False,False,Medium
137002,Al Nakhal 1-2,477,76,71,10,556.0,False,False,False,False,Medium
303501,"Al Nahda 1, Burj Al Noor 1",367,75,85,7,2213.0,False,False,False,False,Medium
257101,"Al Nahda 1, Mai Tower",374,75,84,4,1089.0,False,False,False,False,Medium
321501,"International City, Post office 1",402,74,74,8,6794.0,False,False,False,False,Medium
139102,"International City, Rivera Dreams Apartments 1-2",402,74,72,8,7021.0,False,False,False,False,Medium
324501,"International City, CBD Buildings",402,74,72,8,7401.0,False,False,False,False,Medium
407001,Nahda Street,448,72,76,10,601.0,False,False,False,False,Medium
234102,Raffa 2,448,72,76,10,670.0,False,False,False,False,Medium
186002,Dnata 2,436,72,74,10,443.0,False,False,False,False,Medium
601901,,484,72,72,2,460.0,False,False,False,False,Medium
186001,Dnata 1,440,71,69,10,440.0,False,False,False,False,Medium
286202,"Muhaisnah 4, 76th Street 2",409,70,65,8,2415.0,False,False,False,False,Medium
163002,"Abu Hail, Clinic 2",408,69,69,8,1154.0,False,False,False,False,Medium
453002,"Hudheiba, Turnoff 2",383,68,64,6,1330.0,False,False,False,False,Medium
332002,Emirates Housing 2,402,68,65,8,2592.0,False,False,False,False,Medium
359502,Russian International School 2,378,68,62,9,2964.0,False,False,False,False,Medium
143002,Maktoum Road 2,376,67,63,10,435.0,False,False,False,False,Medium
631001,Queen Palace Factory 1,387,67,70,8,813.0,False,False,False,False,Medium
454001,"Hoot, Eppco",383,66,63,6,1450.0,False,False,False,False,Medium
633502,"Muhaisnah 4, New Housing 2",400,66,63,8,2489.0,False,False,False,False,Medium
511102,XL Tower 2,250,66,59,5,491.0,False,False,False,False,Medium
204102,Al Jaddaf Metro Bus Stop 2,355,66,66,4,341.0,False,False,False,False,Medium
388001,Four Point Sheraton Hotel1,370,65,65,9,349.0,False,False,False,False,Medium
885002,"Al Qusais, Public Transport Depot 2",300,65,62,4,3130.0,False,False,False,False,Medium
884002,Dubai Carmel School 2,300,65,61,4,2893.0,False,False,False,False,Medium
286201,"Muhaisnah 4, 76th Street 1",370,65,60,7,2324.0,False,False,False,False,Medium
144002,Etisalat Head Office 2,376,65,61,10,436.0,False,False,False,False,Medium
552102,U BORA Tower 2,250,65,60,5,268.0,False,False,False,False,Medium
548102,Lillian Tower 2,250,65,58,5,334.0,False,False,False,False,Medium
791502,"Sharjah, Al Jubail Bus Station 2",428,65,77,4,3190.0,False,False,False,False,Medium
204101,,333,65,65,3,316.0,False,False,False,False,Medium
321101,"Dubai Outsource City, Al Shiba Complex",315,64,64,4,11953.0,False,False,False,False,Medium
123501,Oud Metha Road 2-1,322,64,58,10,687.0,False,False,False,False,Medium
510502,New Dawn Private School 2,364,64,56,8,2523.0,False,False,False,False,Medium
196501,"Al Nahda, The Sheffeild Private School 1",339,63,61,5,2951.0,False,False,False,False,Medium
925001,DAFZA,373,62,65,4,1083.0,False,False,False,False,Medium
150501,"International City, Greece 1",320,62,61,6,8334.0,False,False,False,False,Medium
114501,Manama Road 4-1,320,62,60,6,7955.0,False,False,False,False,Medium
235002,Emirates Metro Bus Stop 2,322,61,67,4,210.0,False,False,False,False,Medium
144001,Etisalat Head Office 1,361,61,56,8,439.0,False,False,False,False,Medium
156002,"Muhaisnah 2, Masjid Hamad Abdul Karim 2",348,61,58,8,3734.0,False,False,False,False,Medium
377002,"Muhaisnah 2, Al Shirawi Labour Camp 2",348,61,57,8,3612.0,False,False,False,False,Medium
335001,"Dubai Taxi Corparation, Main Office 3",372,61,60,7,3241.0,False,False,False,False,Medium
325502,"Al Nahda, Canary Bldg 2",261,60,41,6,1805.0,False,False,False,False,Medium
325501,"Al Nahda, Canary Bldg 1",321,60,60,6,1797.0,False,False,False,False,Medium
889001,"Nahda 1, Enoc",301,60,54,4,2054.0,False,False,False,False,Medium
359501,Russian International School 1,345,60,53,8,2941.0,False,False,False,False,Medium
143001,Maktoum Road 1,361,60,55,8,484.0,False,False,False,False,Medium
228002,Mahlab School 2,333,59,57,6,1722.0,False,False,False,False,Medium
319501,"International City, Dragon Mart 1-1",308,58,57,6,6700.0,False,False,False,False,Medium
123502,Oud Metha Road 2-2,289,58,53,9,842.0,False,False,False,False,Medium
290002,Ministry of Information 2,324,58,58,7,441.0,False,False,False,False,Medium
887002,Galadari Driving School 2,337,58,58,7,3221.0,False,False,False,False,Medium
228001,Mahlab School 1,367,58,65,7,1700.0,False,False,False,False,Medium
167101,Galadari Printing & Publishing 1,336,58,60,8,828.0,False,False,False,False,Medium
266501,Silicon Oasis HQ 2,289,57,52,4,9713.0,False,False,False,False,Medium
493101,Canal Views Hotel Apartments 1,234,57,55,5,211.0,False,False,False,False,Medium
430001,"Umm Hurair, Road 2",292,57,47,7,504.0,False,False,False,False,Medium
302501,"Al Nahda 1, Terminus 1",228,56,49,5,2243.0,False,False,False,False,Medium
339502,Dubai Mens College 2-2,263,56,52,3,11791.0,False,False,False,False,Medium
300002,"Dubai Outsource City, Royal Bank of Scotland 2",275,56,57,3,12185.0,False,False,False,False,Medium
426002,Karama Ent. 2,319,56,52,7,760.0,False,False,False,False,Medium
270001,"Airport Terminal 2, Arrival",343,56,54,6,1365.0,False,False,False,False,Medium
633501,"Muhaisnah 4, New Housing 1",328,56,53,7,2481.0,False,False,False,False,Medium
237102,Al Wasl University 2,319,55,53,7,852.0,False,False,False,False,Medium
304002,Dubai Grand Hotel 2,303,55,54,7,671.0,False,False,False,False,Medium
464101,"Airport Terminal 2, Departure",351,55,54,6,1223.0,False,False,False,False,Medium
332001,Emirates Housing 1,321,55,53,7,2649.0,False,False,False,False,Medium
311101,"Al Quoz, Latifa Bint Hamdan Street 1",320,55,55,5,1439.0,False,False,False,False,Medium
445001,Oud Metha Road 1-1,278,54,50,9,454.0,False,False,False,False,Medium
510501,New Dawn Private School 1,294,54,46,7,2532.0,False,False,False,False,Medium
305001,Damascus Road 1-1,305,54,57,7,1004.0,False,False,False,False,Medium
377001,"Muhaisnah 2, Al Shirawi Labour Camp 1",358,54,58,8,3621.0,False,False,False,False,Medium
156001,"Muhaisnah 2, Masjid Hamad Abdul Karim 1",358,54,56,8,3734.0,False,False,False,False,Medium
572001,Khaleej Times 1,320,54,55,5,1058.0,False,False,False,False,Medium
547102,Lake Central Tower 2,216,54,49,4,483.0,False,False,False,False,Medium
232001,"Garhoud, Intersection 1",314,53,50,7,520.0,False,False,False,False,Medium
313502,"Al Nahda, 12 St 2",275,53,46,5,1918.0,False,False,False,False,Medium
290001,Ministry of Information 1,311,53,50,8,448.0,False,False,False,False,Medium
303502,"Al Nahda 1, Burj Al Noor 2",270,53,59,5,2214.0,False,False,False,False,Medium
323001,Damascus Road 3-1,305,53,55,7,1962.0,False,False,False,False,Medium
188001,Clock Tower Roundabout 1,334,53,50,7,404.0,False,False,False,False,Medium
161002,"Hor Al Anz, Turnoff 2",302,53,48,7,1060.0,False,False,False,False,Medium
338001,East Height Towers Entrance G,221,53,54,4,735.0,False,False,False,False,Medium
316501,"International City, Morocco 1",256,52,50,4,7917.0,False,False,False,False,Medium
334501,Dubai Academic City 3,227,52,42,3,11426.0,False,False,False,False,Medium
427001,Broadcast Interchange,297,52,48,7,686.0,False,False,False,False,Medium
422001,Al Wasl University 1,312,52,53,7,694.0,False,False,False,False,Medium
423001,Central Post Office 1,312,52,52,7,832.0,False,False,False,False,Medium
388002,Four Point Sheraton Hotel 2,323,52,57,8,338.0,False,False,False,False,Medium
294001,Al Khulafaa Al Rashideen Boys School 1,304,52,52,7,516.0,False,False,False,False,Medium
259502,"Dubai Studio City, Operation Office 2",316,52,60,6,9249.0,False,False,False,False,Medium
506002,Khadri Masjid 2,308,52,50,7,1109.0,False,False,False,False,Medium
504002,"Satwa, Square 2",309,52,48,7,1207.0,False,False,False,False,Medium
318501,"International City, China 2-1",256,51,49,4,6993.0,False,False,False,False,Medium
363502,MAN Motors 2,231,51,45,4,3158.0,False,False,False,False,Medium
334002,"Muhaisnah 2, Entrance 2",297,51,46,6,3691.0,False,False,False,False,Medium
334001,"Muhaisnah 2, Entrance 1",301,51,49,6,3680.0,False,False,False,False,Medium
333501,Dubai Academic City 2-1,230,50,42,4,11415.0,False,False,False,False,Medium
352501,Public Transport Agency 1,307,50,49,6,2939.0,False,False,False,False,Medium
658001,Interchange 4-1,297,50,56,6,932.0,False,False,False,False,Medium
548101,Lillian Tower 1,189,50,47,4,472.0,False,False,False,False,Medium
313501,"Al Nahda, 12 St 1",200,49,32,5,1886.0,False,False,False,False,Medium
509102,South Ridge Tower 2,224,49,46,4,691.0,False,False,False,False,Medium
607102,Burj View central Tower 2,224,49,44,4,554.0,False,False,False,False,Medium
703501,"Al Qusais Industrial Area 3, Masjid Mustaqeem 1",244,49,45,3,3354.0,False,False,False,False,Medium
163001,"Abu Hail, Clinic 1",320,49,54,6,1137.0,False,False,False,False,Medium
458001,"Satwa, Roundabout 1",252,49,49,5,1105.0,False,False,False,False,Medium
788001,Jebel Ali Industrial Area 11,300,49,52,5,999.0,False,False,False,False,Medium
511101,XL Tower 1,189,49,46,4,485.0,False,False,False,False,Medium
552101,U BORA Tower 1,189,49,46,4,240.0,False,False,False,False,Medium
445002,Oud Metha Road 1-2,247,48,47,8,448.0,False,False,False,False,Medium
110001,Hyatt Regency Hotel,266,48,46,7,486.0,False,False,False,False,Medium
549101,Mayfair Residency 1,189,48,48,4,548.0,False,False,False,False,Medium
546101,Fairview Residency 1,189,48,48,4,839.0,False,False,False,False,Medium
503010,"Satwa, Bus Station 10",228,48,43,1,1165.0,False,False,False,False,Medium
333502,Dubai Academic City 2-2,231,47,47,4,11583.0,False,False,False,False,Medium
453001,"Hudheiba, Turnoff 1",292,47,46,5,1366.0,False,False,False,False,Medium
513501,Dubai Courts 1,214,47,29,7,532.0,False,False,False,False,Medium
410001,"Dubai Real Estate, Headquarters",259,47,43,4,1119.0,False,False,False,False,Medium
305502,"Al Nahda 1, Zaafranah 2",221,46,40,4,2033.0,False,False,False,False,Medium
158501,Dubai Textile City Main Gate,212,46,43,3,7665.0,False,False,False,False,Medium
492102,Bay Square 2,176,46,42,4,590.0,False,False,False,False,Medium
493102,Canal Views Hotel Apartments 2,176,46,42,4,284.0,False,False,False,False,Medium
423002,Central Post Office 2,272,46,46,6,824.0,False,False,False,False,Medium
304001,Dubai Grand Hotel 1,271,46,46,6,740.0,False,False,False,False,Medium
960001,"Ras Al Khor, Terminus 1",211,46,40,4,3921.0,False,False,False,False,Medium
409002,Sheikh Rashid Road Intersection 2,259,46,43,4,1248.0,False,False,False,False,Medium
417001,Department of Health 1,261,46,46,5,559.0,False,False,False,False,Medium
270102,"Al Warsan 3, RTA Staff Accommodation 2",221,46,40,3,10725.0,False,False,False,False,Medium
233001,Cargo Village,256,45,44,6,516.0,False,False,False,False,Medium
326501,"Al Nahda, Motawa Building 1",229,45,39,4,2463.0,False,False,False,False,Medium
288001,"Al Nahda, Shabab Alahli Club 1",272,45,42,7,231.0,False,False,False,False,Medium
331001,Oxford School 1,253,45,41,5,2433.0,False,False,False,False,Medium
323002,Damascus Road 3-2,254,45,43,6,1987.0,False,False,False,False,Medium
411102,E311 Road 2 (Non Stop),200,45,40,2,3036.0,False,False,False,False,Medium
621002,"Al Quoz, New Housing Junction 2",274,45,44,3,1827.0,False,False,False,False,Medium
311102,"Al Quoz, Latifa Bint Hamdan Street 2",274,45,44,3,1272.0,False,False,False,False,Medium
253101,Silicon Oasis North Park 1,204,44,39,4,10800.0,False,False,False,False,Medium
101003,Stadium Bus Station 3,219,44,45,1,208.0,False,False,False,False,Medium
305002,Damascus Road 1-2,254,44,43,6,1086.0,False,False,False,False,Medium
424002,"Karama, Dubai Municipality Center 2",241,44,39,5,410.0,False,True,False,False,Medium
325002,Al Qusais Industrial Area 2,260,44,46,6,2771.0,False,False,False,False,Medium
779001,Grand HyperMarket B-1,266,44,44,6,1942.0,False,True,False,False,Medium
443001,British Council 1,258,44,38,4,396.0,False,False,False,False,Medium
551102,The Binary Tower 2,182,44,39,3,702.0,False,False,False,False,Medium
495102,Clover Bay Tower 2,182,44,39,3,631.0,False,False,False,False,Medium
335501,Emirates Aviation University 1,190,43,35,3,12200.0,False,False,False,False,Medium
254101,Silicon Oasis SIT Tower 1,204,43,39,4,10869.0,False,False,False,False,Medium
172501,Dragon Mart 2 External,223,43,48,4,6852.0,False,False,False,False,Medium
432001,Centre Point Shopping Centre 1,249,43,43,6,476.0,False,True,False,False,Medium
704501,"Al Qusais Industrial Area 3, Terminus",219,43,42,1,3262.0,False,False,False,False,Medium
411101,E311 Road 1 (Non Stop),195,43,43,2,3018.0,False,False,False,False,Medium
188002,Clock Tower Roundabout 2,267,43,44,5,425.0,False,False,False,False,Medium
781001,Landmark Group 1,264,43,47,4,1397.0,False,False,False,False,Medium
783001,Nuzul labour Accommodation 1,250,43,43,3,1036.0,False,False,False,False,Medium
276101,"DIP, Madina Supermarket Terminus",245,43,47,3,5692.0,False,True,False,False,Medium
658002,Interchange 4-2,249,43,43,5,709.0,False,False,False,False,Medium
134002,Islamic Institute 2,214,42,36,5,844.0,False,False,False,False,Medium
352502,Public Transport Agency 2,235,42,36,5,3068.0,False,False,False,False,Medium
782001,Al Khaleej Al Madina Supermarket 1,250,42,44,3,1076.0,False,True,False,False,Medium
259501,"Dubai Studio City, Operation Office 1",258,42,49,6,9238.0,False,False,False,False,Medium
137101,Financial Center Metro Bus Stop Seaside,223,42,37,2,111.0,True,True,False,False,Medium
311501,"Al Nahda, 19A Street 1",219,41,40,4,2411.0,False,False,False,False,Medium
234001,Emirates Airlines Headquarters 1,225,41,39,5,132.0,True,False,False,False,Medium
452102,"Dubai Festival City, Marks & Spencer 2",232,41,44,5,456.0,False,False,False,False,Medium
317501,"International City, China 3-1",209,41,39,4,7419.0,False,False,False,False,Medium
401002,BurJuman Metro Bus Stop 3-2,212,41,31,5,314.0,False,True,False,False,Medium
887001,Galadari Driving School 1,244,41,40,5,3202.0,False,False,False,False,Medium
326001,Technical School 1,259,41,41,5,1554.0,False,False,False,False,Medium
173102,Dunes Village 2,241,41,46,3,5275.0,False,False,False,False,Medium
600102,"Sports City, ICC Headquarter 2",221,41,43,5,6643.0,False,False,False,False,Medium
238001,Mawakeb School 1,218,40,40,4,1001.0,False,False,False,False,Medium
238002,Mawakeb School 2,215,40,41,4,962.0,False,False,False,False,Medium
961503,Rashidiya Bus Station Gate 3,261,40,39,8,91.0,True,False,False,False,Medium
336501,Al Ghurair University 2-1,190,40,36,3,12240.0,False,False,False,False,Medium
337501,Al Ghurair University 3-1,190,40,36,3,12274.0,False,False,False,False,Medium
339501,Dubai Mens College 2-1,190,40,35,3,11779.0,False,False,False,False,Medium
511501,Silicon Oasis HQ 1,202,40,36,4,9608.0,False,False,False,False,Medium
337502,Al Ghurair University 3-2,190,40,38,3,12278.0,False,False,False,False,Medium
336502,Al Ghurair University 2-2,190,40,37,3,12262.0,False,False,False,False,Medium
101005,Stadium Bus Station 5,187,40,36,1,171.0,True,False,False,False,Medium
877002,Sheikh Rashid Colony 1-2,226,40,41,4,361.0,False,False,False,False,Medium
322001,Damascus Road 2-1,229,40,42,5,1586.0,False,False,False,False,Medium
866001,"Muhaisnah 1, Intersection 1",243,40,42,5,1078.0,False,False,False,False,Medium
313001,"Al Twar 4, Qutami Al Suweidi Masjid 1",259,40,41,5,837.0,False,False,False,False,Medium
632002,Majid Industries 2,234,40,37,3,3284.0,False,False,False,False,Medium
644002,Emirates Printing Press 2,234,40,38,3,3389.0,False,False,False,False,Medium
630002,Emirates Gas Factory 2,246,40,35,3,945.0,False,False,False,False,Medium
107102,"Sharjah, King Faisal Road, Jumbo-Sony 2",213,40,39,4,3275.0,False,False,False,False,Medium
335502,Emirates Aviation University 2,190,39,37,3,12242.0,False,False,False,False,Medium
879002,Ministry Of Human Resources & Emiratisation 2,226,39,40,4,1140.0,False,False,False,False,Medium
878002,Emirates Driving Institute 2,226,39,41,4,543.0,False,False,False,False,Medium
470002,"Wasl, Wasl Club 2",189,39,36,5,1725.0,False,False,False,False,Medium
189001,Flame Intersection 1,275,39,38,6,437.0,False,False,False,False,Medium
978001,"Al Quoz, Emirates Housing Al Khail Gate 2",234,39,36,3,3384.0,False,False,False,False,Medium
525101,"Al Quoz, Gargash Construction Accommodation 2",234,39,38,3,3412.0,False,False,False,False,Medium
888802,Dubai Mall Bus Stop 2,140,39,38,2,1248.0,False,True,False,False,Medium
638002,"Khaleej, Metal Coating 2",234,39,37,3,3144.0,False,False,False,False,Medium
637002,Emirates Industries 2,234,39,37,3,3243.0,False,False,False,False,Medium
643002,ETA Steel Works 2,234,39,38,3,3242.0,False,False,False,False,Medium
640002,Bartawi Camps 2,234,39,37,3,2803.0,False,False,False,False,Medium
639002,Rostamani Steel Mills 2,234,39,37,3,2686.0,False,False,False,False,Medium
999002,Joton Paints 2,234,39,37,3,2353.0,False,False,False,False,Medium
422502,"Sharjah, King Faisal Road, Adnoc Petrol Station 2",213,39,39,4,3124.0,False,False,False,False,Medium
103102,"Sharjah, Al Wahda Rd, Subway 1-2",213,39,38,4,2949.0,False,False,False,False,Medium
299501,"Dubai Outsource City, Arab Company 1",198,38,39,4,11963.0,False,False,False,False,Medium
285501,Al Ghurair University Road,190,38,38,3,12155.0,False,False,False,False,Medium
875001,Tunis Road 1,241,38,42,5,1393.0,False,False,False,False,Medium
866002,"Muhaisnah 1, Intersection 2",241,38,42,5,1153.0,False,False,False,False,Medium
163501,Lulu Village 1,231,38,40,3,2969.0,False,False,False,False,Medium
161001,"Hor Al Anz, Turnoff 1",217,38,35,5,1030.0,False,False,False,False,Medium
730501,The Gardens Metro Bus Stop 1,211,38,39,3,46.0,True,False,False,False,Medium
522101,Volante Dubai Tower 1,155,38,35,3,172.0,True,False,False,False,Medium
102102,"Sharjah, Al Wahda Road, City Center 2",213,38,39,4,3293.0,False,True,False,False,Medium
104102,"Sharjah, Al Wahda Rd, Al Wahda Center 2-2",213,38,38,4,3136.0,False,True,False,False,Medium
101009,Stadium Bus Station 9,147,38,56,1,206.0,False,False,False,False,Medium
393001,Silicon Oasis High Bay 1,200,37,36,4,9300.0,False,False,False,False,Medium
150502,"International City, Greece 2",234,37,44,6,8328.0,False,False,False,False,Medium
255502,"International City, Civil Defence2",234,37,43,6,7926.0,False,False,False,False,Medium
162501,"International City, Post office 2",234,37,41,6,6693.0,False,False,False,False,Medium
607101,Burj View central Tower 1,162,37,34,3,571.0,False,False,False,False,Medium
435002,Karama 2-2,200,37,33,5,315.0,False,False,False,False,Medium
433002,Karama 1-2,200,37,33,5,492.0,False,False,False,False,Medium
425002,Schools Health Center 2,200,37,32,5,630.0,False,True,False,False,Medium
216001,"Wuhaida, Road 1",216,37,34,5,657.0,False,False,False,False,Medium
156501,Beirut Road 1,214,37,38,5,1200.0,False,False,False,False,Medium
504001,"Satwa, Square 1",224,37,36,5,1199.0,False,False,False,False,Medium
506001,Khadri Masjid 1,224,37,36,5,1130.0,False,False,False,False,Medium
130101,Dubai Internet City Metro Bus Stop Landside 1,202,37,36,3,256.0,False,False,False,False,Medium
505001,Bada'a,206,37,35,4,1207.0,False,False,False,False,Medium
547101,Lake Central Tower 1,151,37,36,3,518.0,False,False,False,False,Medium
315501,"International City, Lake Entrance 1",172,36,33,3,8531.0,False,False,False,False,Medium
509101,South Ridge Tower 1,162,36,34,3,713.0,False,False,False,False,Medium
545102,Empire Heights Towers 2,142,36,31,3,449.0,False,False,False,False,Medium
185101,"Al Nahda, Park 2",193,36,32,4,2078.0,False,False,False,False,Medium
433001,Karama 1-1,197,36,32,5,534.0,False,False,False,False,Medium
435001,Karama 2-1,197,36,31,5,243.0,False,False,False,False,Medium
723002,"Jumeirah Beach Residence 2, Landside",261,36,36,3,103.0,True,False,False,False,Medium
722002,"Jumeirah Beach Residence 1, Landside",261,36,36,3,173.0,True,False,False,False,Medium
258502,Media City Tram Bus Station 2,242,36,36,2,0.0,True,False,False,False,Medium
689002,Royal Mirage Hotel 2-2,261,36,36,3,212.0,False,False,False,False,Medium
690001,Knowledge Village,261,36,36,3,262.0,False,False,False,False,Medium
691001,"Villas Complex, Tecom",261,36,36,3,39.0,True,False,False,False,Medium
137001,Al Nakhal 1-1,214,36,32,5,644.0,False,False,False,False,Medium
513001,Durrah Tower,181,36,30,4,262.0,False,False,False,False,Medium
103101,"Sharjah, Al Wahda Rd, Subway 1-1",248,36,47,5,2999.0,False,False,False,False,Medium
198501,,242,36,36,2,110.0,True,False,False,False,Medium
130102,,200,36,36,1,301.0,False,False,False,False,Medium
587301,,242,36,36,1,498.0,False,False,False,False,Medium
237001,Dubai Municipality Garage 1,180,35,35,3,510.0,False,False,False,False,Medium
121501,Dubai Textile City,157,35,33,2,7942.0,False,False,False,False,Medium
446001,Wafi City 1,168,35,34,6,628.0,False,False,False,False,Medium
468001,Latifa Hospital,190,35,35,4,1086.0,False,False,False,False,Medium
425001,Schools Health Center 1,197,35,33,5,621.0,False,True,False,False,Medium
954001,"Ras Al Khor, Mega Star Trdg.",170,35,34,3,3484.0,False,False,False,False,Medium
142002,Abu Baker Al Siddique Road 2,219,35,36,5,743.0,False,False,False,False,Medium
515001,Rostamani Tower,180,35,31,4,379.0,False,False,False,False,Medium
104101,"Sharjah, Al Wahda Rd, Al Wahda Center 2-1",248,35,47,5,3189.0,False,True,False,False,Medium
102101,"Sharjah, Al Wahda Road, City Center 1",248,35,48,5,3312.0,False,True,False,False,Medium
107101,"Sharjah, King Faisal Road, Jumbo-Sony 1",248,35,46,5,3378.0,False,False,False,False,Medium
422501,"Sharjah, King Faisal Road, Adnoc Petrol Station 1",248,35,47,5,3158.0,False,False,False,False,Medium
215501,Capital Golden Tower,137,35,33,2,630.0,False,False,False,False,Medium
216501,Avanti Tower,137,35,32,2,654.0,False,False,False,False,Medium
237002,Dubai Municipality Garage 2,177,34,37,3,521.0,False,False,False,False,Medium
330501,Dubai Outsource City 4-1,157,34,30,3,11871.0,False,False,False,False,Medium
702101,Dubai Fountain Street 1,149,34,36,3,819.0,False,False,False,False,Medium
254102,Silicon Oasis SIT Tower 2,164,34,30,3,10878.0,False,False,False,False,Medium
391002,Department of Ports & Customs 2,241,34,34,6,1341.0,False,False,False,False,Medium
648501,"Muhaisnah 4, Lootah Building 1",202,34,35,3,2715.0,False,False,False,False,Medium
953001,"Ras Al Khor, Tawoon Trans.",173,34,33,3,3900.0,False,False,False,False,Medium
782002,Al Khaleej Al Madina Supermarket 2,206,34,35,5,1069.0,False,True,False,False,Medium
973001,Amssar Wood Manufacturing 1,220,34,37,6,2136.0,False,False,False,False,Medium
657001,Classic Crystal 1,189,34,33,4,1666.0,False,False,False,False,Medium
512001,White Crown Tower,181,34,29,4,425.0,False,False,False,False,Medium
494101,Clayton Residency 1,154,34,36,3,661.0,False,False,False,False,Medium
662001,Gold & Diamond Park 1,190,34,29,3,450.0,False,False,False,False,Medium
197501,"Al Nahda, Zuleikha Hospital 1",168,33,30,4,2679.0,False,False,False,False,Medium
255101,Manipal University 1,157,33,30,3,11325.0,False,False,False,False,Medium
331601,University of Birmingham Dubai 1,157,33,30,3,11206.0,False,False,False,False,Medium
331502,Bits Pilani 2,157,33,30,3,11327.0,False,False,False,False,Medium
266102,DE MONTFORT University Dubai Campus 2,157,33,30,3,11279.0,False,False,False,False,Medium
735502,Silicon Oasis Al Waha Masjid 2,164,33,32,3,11410.0,False,False,False,False,Medium
342502,Silicon Oasis SP Oasis 2,164,33,31,3,11147.0,False,False,False,False,Medium
253102,Silicon Oasis North Park 2,164,33,30,3,10810.0,False,False,False,False,Medium
456002,2nd December Street 2,212,33,36,5,1649.0,False,False,False,False,Medium
877001,Sheikh Rashid Colony 1-1,187,33,30,4,352.0,False,False,False,False,Medium
286101,"Muhaisnah 4, Jamal Building 1",202,33,35,3,2895.0,False,False,False,False,Medium
322002,Damascus Road 2-2,178,33,31,4,1596.0,False,False,False,False,Medium
803001,"Ras Al Khor, Veg. Mkt. 1",166,33,34,5,5413.0,False,False,False,False,Medium
213101,Reef Mall 1,195,33,29,5,224.0,False,True,False,False,Medium
213102,Reef Mall 2,201,33,33,4,290.0,False,True,False,False,Medium
326002,Technical School 2,186,33,29,4,1551.0,False,False,False,False,Medium
313002,"Al Qusais, Qutami Al Suweidi Masjid 2",186,33,29,4,838.0,False,False,False,False,Medium
297002,"Al Qusais, Police Station 2",186,33,29,4,509.0,False,False,False,False,Medium
210101,"Al Qusais, Civil Defence Intersection",186,33,29,4,308.0,False,False,False,False,Medium
286001,Arabian Orchard Complex A-1,195,33,40,2,4922.0,False,False,False,False,Medium
287001,Arabian Orchard Complex B-1,195,33,39,2,5064.0,False,False,False,False,Medium
289001,Arabian Orchard Complex C-1,195,33,39,2,5238.0,False,False,False,False,Medium
291001,Arabian Orchard Complex D-1,195,33,38,2,5304.0,False,False,False,False,Medium
101502,"Al Quoz, AST Company 2",197,33,32,2,2059.0,False,False,False,False,Medium
343001,"Al Qusais Industrial Area, Terminus 1",191,33,34,2,3417.0,False,False,False,False,Medium
615002,"Honda, Training Center 2",200,33,28,2,1025.0,False,True,False,False,Medium
106101,"Sharjah, King Faisal Road, Old Gold Souq",248,33,47,5,3224.0,False,True,False,False,Medium
522601,Silicon Oasis Emirates Building 1,164,32,30,3,10436.0,False,False,False,False,Medium
961509,Rashidiya Bus Station Gate 9,149,32,33,2,51.0,True,False,False,False,Medium
353502,"Al Nahda 1, Burj Al Nahda 2",160,32,27,3,1671.0,False,False,False,False,Medium
734001,"Ibn Battuta, Food Court 3",233,32,36,5,561.0,False,False,False,False,Medium
150101,Oxford School Gate 4 1,173,32,30,3,2558.0,False,False,False,False,Medium
149101,"Muhaisnah 4, Awqaf Housings 1",173,32,30,3,2925.0,False,False,False,False,Medium
285001,"Al Twar 1, Emarat Pertol Stn-Al Mawred 1",187,32,35,3,398.0,False,False,False,False,Medium
324001,Damascus Road 4-1,184,32,33,4,2483.0,False,False,False,False,Medium
226102,"Muraqqabat, Police Station 2",201,32,32,4,499.0,False,False,False,False,Medium
624002,Oasis Village 2,197,32,31,2,2005.0,False,False,False,False,Medium
622002,"Shirawi, Scania 2",170,32,32,4,625.0,False,False,False,False,Medium
243102,Bosch Center 2,170,32,32,4,982.0,False,True,False,False,Medium
242102,Marine Center 2,170,32,32,4,1269.0,False,True,False,False,Medium
331602,University of Birmingham Dubai 2,158,31,33,3,11206.0,False,False,False,False,Medium
255102,Manipal University 2,158,31,33,3,11319.0,False,False,False,False,Medium
149001,"International City, Dragon Mart 2",204,31,35,3,7050.0,False,False,False,False,Medium
456001,2nd December Street  1,214,31,35,5,1520.0,False,False,False,False,Medium
248501,"Al Nahda 1, Masjid Rada 1",161,31,26,3,1669.0,False,False,False,False,Medium
360001,"Al Nahda 1, Al Banai 1",161,31,25,3,1558.0,False,False,False,False,Medium
248502,"Al Nahda 1, Masjid Rada 2",160,31,27,3,1678.0,False,False,False,False,Medium
143502,Silicon Oasis Masjid 2,127,31,22,2,10739.0,False,False,False,False,Medium
331701,University of Dubai,155,31,32,1,12487.0,False,False,False,False,Medium
327002,"Muhaisnah 4, FEWA-2",186,31,28,4,3032.0,False,False,False,False,Medium
215124,Etisalat Bus Station 24,207,31,35,1,194.0,True,False,False,False,Medium
507002,"Satwa, Road 2",181,31,29,4,1161.0,False,False,False,False,Medium
442001,Rashid Hospital,172,31,29,6,252.0,False,False,False,False,Medium
136501,"Al Quoz, Al Futtaim Motors",170,31,34,4,1717.0,False,False,False,False,Medium
573001,Oasis Center 1,170,31,33,4,2015.0,False,True,False,False,Medium
167102,Galadari Printing & Publishing 2,195,31,27,2,817.0,False,False,False,False,Medium
631002,Queen Palace Factory 2,195,31,27,2,791.0,False,False,False,False,Medium
101008,Stadium Bus Station 8,201,31,34,1,186.0,True,False,False,False,Medium
266101,DE MONTFORT University Dubai Campus 1,158,30,32,3,11281.0,False,False,False,False,Medium
331501,Bits Pilani 1,158,30,33,3,11324.0,False,False,False,False,Medium
545101,Empire Heights Towers 1,130,30,28,3,456.0,False,False,False,False,Medium
353501,"Al Nahda 1, Burj Al Nahda 1",161,30,26,3,1692.0,False,False,False,False,Medium
360002,"Al Nahda 1, Al Banai 2",160,30,27,3,1539.0,False,False,False,False,Medium
243001,"Rashidiya, Civil Defence 1",137,30,29,4,1587.0,False,False,False,False,Medium
961504,Rashidiya Bus Station Gate 4,145,30,28,3,95.0,True,False,False,False,Medium
391001,Department of Ports & Customs 1,198,30,27,5,1578.0,False,False,False,False,Medium
109001,Murar Jadeed 1,166,30,29,4,933.0,False,False,False,False,Medium
400501,Algeria Street 5-1,198,30,34,4,2963.0,False,False,False,False,Medium
325001,Al Qusais Industrial Area 1,172,30,28,4,2872.0,False,False,False,False,Medium
655001,Al Warsan 3 Dubai Nursery 1,148,30,26,3,10933.0,False,False,False,False,Medium
157502,Beirut Road 2-2,163,30,30,4,548.0,False,False,False,False,Medium
508001,Bilal Bin Ribah School,176,30,26,4,1161.0,False,False,False,False,Medium
507001,"Satwa, Road 1",176,30,26,4,1185.0,False,False,False,False,Medium
640501,"Dubai Festival City, IKEA1",141,29,27,3,940.0,False,False,False,False,Medium
361001,"Al Nahda 1, Fatma Mohammad Masjid 1",133,29,42,2,2055.0,False,False,False,False,Medium
878001,Emirates Driving Institute 1,155,29,26,4,628.0,False,False,False,False,Medium
305501,"Al Nahda 1, Zaafranah 1",161,29,25,3,1998.0,False,False,False,False,Medium
220102,"Deira, Fish Roundabout 2",158,29,26,4,219.0,False,False,False,False,Medium
655002,Al Warsan 3 Dubai Nursery 2,147,29,24,3,11174.0,False,False,False,False,Medium
983001,Dubai Investment Park 1,174,29,29,3,2197.0,False,False,False,False,Medium
509002,Rehabilitation Center 2,181,29,28,4,1310.0,False,True,False,False,Medium
509001,Rehabilitation Center 1,176,29,25,4,1345.0,False,True,False,False,Medium
158101,Al Furjan Metro Bus Stop 1,158,29,28,2,29.0,True,False,False,False,Medium
518101,Discovery Garden Metro Bus Stop 1,158,29,28,2,25.0,True,False,False,False,Medium
414002,"Mankhool, Center Point 2",134,29,24,2,442.0,False,True,False,False,Medium
618002,Speedwell Decor 2,171,29,31,4,1841.0,False,False,False,False,Medium
550101,RBC Tower 2,98,29,22,2,363.0,False,False,False,False,Medium
125502,Kuwait Road 2,134,29,24,2,850.0,False,False,False,False,Medium
366002,"Mirdiff, Private School 2",177,28,31,5,3399.0,False,False,False,False,Medium
205002,"Hamriya, Port 2",165,28,29,4,1282.0,False,False,False,False,Medium
240001,"Rashidiya, Village",138,28,28,4,1403.0,False,False,False,False,Medium
292001,"Al Twar, Union Cooperative Society",168,28,28,4,206.0,False,False,False,False,Medium
152001,Al Bakhit Center 1,174,28,26,5,471.0,False,True,False,False,Medium
345502,Vegetable Market 2,151,28,28,3,6087.0,False,True,False,False,Medium
469002,Dubai Birds and Pets Market 2,147,28,25,3,11655.0,False,True,False,False,Medium
297001,"Al Twar 4, Al Qusais Police Station 1",188,28,29,4,391.0,False,False,False,False,Medium
783002,Nuzul labour Accommodation 2,171,28,29,4,1007.0,False,False,False,False,Medium
969501,"Al Barsha Heights, Mashael Building 1",154,28,27,3,721.0,False,False,False,False,Medium
141501,"Abu Dhabi, Central Bus Station 1",201,28,33,2,91552.0,False,False,False,False,Medium
